resume,이력서,1
applicant,"지원자, 신청자",2
requirement,"필요조건, 요건",3
meet,"(필요,요구 등을)만족시키다",4
qualified,"자격있는, 적격의",5
candidate,"후보자, 지원자",6
confidence,"확신, 자신, 신임",7
highly,"매우, 대단히",8
professional,"전문적인, 직업의, 전문가",9
interview,"면접, 면접을 보다",10
hire,고용하다,11
training,"교육, 훈련",12
reference,"추천서, 참고",13
position,"일자리, 직책, 두다",14
achievement,"성취, 달성",15
impressed,"인상 깊게 생각하는, 감명을 받은",16
excellent,훌륭한,17
eligible,"자격이 있는, 적격의",18
identify,"알아보다, 확인하다",19
associate,관련시키다,20
condition,조건,21
employment,고용,22
lack,"~이 없다, 부족",23
managerial,관리의,24
diligent,성실한,25
familiar,"익숙한, 친숙한",26
proficiency,"숙달, 능숙",27
prospective,"장래의, 미래의",28
appeal,"관심을 끌다, 매력적이다",29
specialize,"~을 전공하다, 전문적으로 다루다",30
apprehensive,"걱정하는, 염려하는",31
consultant,"고문, 컨설턴트",32
entitle,자격을 주다,33
degree,학위,34
payroll,"임금대장, 금료명부",35
recruit,(신입사원등을)모집하다,36
certification,"증명서, 증명",37
occupation,직업,38
wage,"임금, 급료",39
attire,"복장, 옷차림새",40
code,"규범, 관례;암호",41
concern,"우려, 걱정, 문제, 일, ~을 걱정스럽게 하다; 영향을 미치다, 관련되다.",42
policy,"규정; 보험, 증권",43
comply,"준수하다, 따르다",44
regulation,규정,45
exception,예외,46
adhere,"지키다, 고수하다",47
severely,"엄격하게, 심하게",48
refrain,"자제하다, 삼가다",49
permission,"허락, 허가",50
access,"이용권한, 접근;통로, ~에 접근하다, 도달하다",51
thoroughly,"철저하게, 완전히, 대단히",52
revise,"(의견, 계획을)수정하다, 변경하다",53
approach,"접근법, 처리방법",54
approval,"승인, 인가",55
form,"종류, 유형, 양식",56
immediately,"즉시, 곧",57
inspection,"점검, 검사",58
arrangement,"준비, 마련, 주선",59
procedure,절차,60
negative,"부정적인, 비관적인",61
mandate,"명령하다, 지시하다, 권한, 지시, 명령",62
effect,"(법률등의)효력, 효과, 영향, 결과로서 ~을 가져오다",63
drastically,"심하게, 과감하게, 철저하게",64
according to,~에 따라,65
enable,(무엇을)가능하게 하다,66
standard,"기준, 표준",67
constant,"지속적인, 끊임없이 계속하는",68
act,"법령, 결의서; 행위, 행동, 결정하다, 판결을 내리다, 행동하다",69
compensation,"보상금, 보상",70
ban,"금지, 금지하다",71
obligation,"의무, 책임",72
authorize,"~을 인가하다, 권한을 부여하다.",73
prohibit,금지하다,74
abolish,"(제도, 법률등을)폐지하다",75
enforce,"(법률을)시행하다, 집행하다",76
habit,"습관, 버릇",77
lagislation,"법률, 법규",78
restrict,"한정하다, 제한하다",79
accustomed,익숙한,80
corporatiion,"주식회사, 법인",81
demanding,"요구가 많은, 힘든",82
colleague,동료,83
division,부서,84
request,"요청, 요청하다",85
efficiently,효율적으로,86
manage,~을 경영하다; 가까스로 하다,87
submit,제출하다,88
directly,곧바로,89
remind,"~에게 상기시키다, 일깨우다",90
instruct,"지시하다, 가르치다",91
deadline,"마감일, 마감 시간",92
sample,"견본, 샘플, 표본
시식하다, (견본으로 질을)시험하다",93
notify,"~에게 통지하다, 알리다",94
perform,"행하다, 실행하다",95
monitor,"감독하다, 감시하다, 실행하다",96
deserve,"~할 만하다, ~할 가치가 있다",97
assignment,"일, 임무, 과제",98
entire,전체의,99
release,"발표하다, 공개하다, 출시, 발매",100
extension,"연장, 연기; (전화의)내선",101
electronically,"컴퓨터 통신망으로, 컴퓨터로",102
attendance,"출석, 출근",103
absolutely,"절대적으로, 완전히",104
delegate,(권한등을)위임하다. 대표,105
attentively,"주의 깊게, 조심스럽게",106
supervision,감독,107
workshop,"워크숍, 연수",108
draw,"끌다, 끌어당기다",109
revision,"수정, 개정",110
reluctantly,"마지못해, 꺼려하여",111
acquaint,"~에게 숙지시키다, 잘 알게 하다",112
convey,(용건을)전달하다,113
check,"검사하다, 조사하다, 확인하다",114
headquarters,본부,115
file,"(서류를)정리하다, 철하다;
(서류, 신청, 고소 등을)정식으로 제기하다, 제출하다",116
oversee,"감독하다 (foresee예견하다, oversea해외의)",117
involved,"관여하는, 관계된, 연루된",118
concentrate,"집중하다, 집중시키다",119
lax,"(행동 등이)느슨한, 규율에 못 미치는",120
procrastinate,"미루다, 꾸물거리다",121
combined,"결합된, 합동의",122
accomplish,성취하다,123
voluntarily,자발적으로,124
undertake,(일을)떠맡다,125
assume,"(증거는 없으나)사실이라고 생각하다;
(책임,역할을)맡다",126
occasionally,"가끔, 때때로",127
employee,"직원, 고용인",128
assist,"돕다, 조력하다",129
satisfied,"만족하는, 만족스러워하는",130
manner,"방식, 태도",131
responsible,"책임이 있는, 책임져야 할",132
conduct,(업무 등을)수행하다,133
adjust,적응하다,134
personnel,"(집합적)직원, 인원; 인사과",135
agree,동의하다,136
supervise,"감독하다, 지도하다",137
coworker,"동료, 협력자",138
direct,"~에게 길을 안내하다, 가르쳐 주다",139
confidential,"기밀의, 내밀한",140
assign,"배정하다, 할당하다",141
leading,"선도적인, 일류의, 가장 중요한, 선두적인",142
formal,격식을 갖춘,143
remove,"해임하다, 제거하다",144
collect,모으다,145
coordinate,조정하다,146
hardly,거의~하지않다,147
abstract,"추상적인, 막연한",148
directory,주소록,149
accountable,책임이 있는,150
skillfully,"능숙하게, 솜씨있게",151
exclusive,"독점적인, 배타적인",152
intention,"의지, 의향",153
transform,"바꾸다, 변모시키다",154
respectful,"정중한, 존중하는",155
duplicate,사본,156
contrary,반대,157
disturbing,"충격적인, 불안감을 주는, 방해하는",158
engage,"관여하다, 종사하다",159
foster,"촉진하다, 육성하다",160
neutrality,"중립성, 중립",161
widely,널리,162
sophisticated,"(기계가)정교한, 복잡한; 세련된",163
timely,"시기적절한, 때를 맞춘",164
realistically,현실적으로,165
promptly,즉시; 정각에,166
accessible,출입할 수 있는; 이용할 수 있는,167
implement,"실시하다, 실행하다",168
feedback,"의견, 반응",169
outstanding,우수한; (부채 등이)미지불된,170
inform,~에게 알리다,171
replacement,"교체, 후임자",172
announcement,"공고, 발표",173
department,"(조직, 기구의)부서",174
permanently,"영구적으로, 불변으로",175
fulfill,"(조건을)만족시키다, (약속, 의무등을)지키다, 이행하다",176
outline,"개요, 설명하다, 약술하다",177
explain,설명하다,178
contain,포함하다,179
compile,(자료 등을)편집하다; 모으다,180
subsequent,"차후의, 그 다음의",181
overview,"개요, 개관",182
provider,"공급자, 제공자",183
matter,"문제, 일",184
expertise,"전문지식, 전문기술",185
demonstrate,"증명하다; (모형, 실험등으로)설명하다",186
remainder,나머지,187
essential,"필수적인, 극히 중요한, 본질적인",188
divide,"분배하다, 나누다",189
major,"주요한, 중대한",190
compliance,"(명령, 법규에의)준수",191
clarify,명확하게 하다,192
face,"(문제 등에)직면하다; 향하다, 마주보다",193
follow,~을 따라가다; 주시하다; (분명히)이해하다,194
aspect,"관점, 국면",195
apparently,"보기에 ~한 듯한, 외관상으로는",196
aware,"알고 있는, 인식하고 있는",197
extended,"(기간 등을)연장한, 장기간에 걸친",198
accidentally,"뜻하지 않게, 우연히",199
advisable,"바람직한, 합당한",200
concerned,"염려하는, 걱정하는; 관련된",201
speak,이야기 하다,202
collection,"소장품, 수집물; 징수, 수금",203
exhibition,전시회,204
celebrity,"유명인사, 명사",205
live,"(라디오, TV가)생방송인",206
improvise,"(연주, 연설 등을)즉흥적으로 하다, 즉석에서 만들다.",207
popular,인기있는,208
donation,"기증, 기부",209
alumni,"동창생들, 졸업생들",210
present,"제시하다, 현재의, 참석한",211
admission,입장,212
banquet,"연회, 만찬",213
anniversary,기념일,214
required,"필수의, 의무적인",215
succeed,"성공하다, 뒤를 잇다",216
rest,"쉬다,휴식, 나머지",217
fund-raising,모금,218
resume,"재개하다, 다시 시작하다",219
issue,"(출판물의)제 ~호; 문제, 쟁점",220
subscription,(정기발행물의) 구독,221
appear,"나타나다, 출현하다",222
accompany,"동행하다, 동반하다",223
edition,(간행물의)판,224
specifically,"명확하게, 분명히; 특히, 특별히",225
anonymous,"익명의, 이름을 모르는",226
commit,"헌신하다, 전념하다",227
information,"유익한, 정보를 주는",228
audience,"청중, 관중",229
author,"작가, 저자",230
note,주목하다; 특별히 언급하다.,231
antique,골동품,232
manuscript,원고,233
beneficial,"유익한, 이로운",234
upcoming,"곧 있을, 다가오는",235
lend,빌려주다,236
current,"현재의,; 현행의, 통용되는",237
local,"지방의, 고장의",238
variety,"다양성, 변화",239
advocate,옹호자,240
contributor,"기고가, 공헌자",241
defy,"저항하다; (설명,묘사등이)거의 불가능하다",242
fascinating,"매혹적인, 황홀한",243
showing,"(영화, 연극의)상영; 전시",244
survey,설문조사,245
analysis,분석,246
respondent,응답자,247
competition,경쟁,248
consistently,"항상, 일관되게",249
demand,"수요, 요구하다",250
do one's utmost,전력을 다하다,251
expand,"확장하다, 확대하다",252
advanced,"고급의; 진보한, 앞선",253
postpone,"연기하다, 뒤로 미루다",254
additional,"추가의, 부가적인",255
appreciate,고맙게 생각하다; 높이 평가하다; 감상하다,256
demonstration,"설명; 드러냄, 시연",257
buy,"사다, 구입하다",258
examine,조사하다,259
effective,"효과적인; (법률 등이)발표되는, 시행되는",260
like,좋아하다,261
especially,특히,262
closely,"면밀히, 엄밀히",263
reserve,"예약하다, 지정하다; 보존하다",264
cooperate,"협력하다, 협동하다",265
very,"매우, 대단히, 아주",266
consecutive,연속적인,267
expectation,"예상, 기대",268
publicize,"공표하다; 광고하다, 선전하다",269
raise,"높이다, 올리다; (의문을)제기하다",270
extremely,"극도로, 대단히",271
affect,"~에 영향을 미치다, 불리하게 작용하다",272
target,"목표, 목표로 삼다",273
campaign,"운동, 캠페인",274
probable,"개연성이 높은, 유망한",275
focus,"집중시키다, 집중하다",276
seasonal,"계절의, 계절적인",277
impact,"영향, 충격",278
comparison,비교,279
gap,격차,280
mounting,"증가하는, 오르는",281
reflective,반영하는,282
advertisement,광고,283
marginal,약간의; 주변의,284
customer,고객,285
influence,"~에 영향을 주다, 영향",286
instantly,"즉각적으로, 즉시",287
creative,"창조적인, 독창적인",288
aggressively,적극적으로,289
aim,"~을 겨누다, 목표, 목적",290
strategy,전략,291
indicate,"보여주다, 나타내다",292
attract,"끌다, 유인하다",293
experience,"경험, 체험, 체험하다, 경험하다",294
analyze,"분석하다, 분석적으로 검토하다",295
introduce,"(신제품을)발표하다, 소개하다",296
advise,"조언해주다, 충고하다",297
subscribe,구독하다,298
absence,"부재; 결근, 결석",299
means,"방법, 수단",300
prefer,"(다른 것보다)~을 더 좋아하다, 선호하다",301
advantage,"이점, 강점",302
forward,"앞으로, (물건, 정보를)보내다",303
contemporary,"동시대의; 현대의, 당대의",304
discussion,"토론, 토의",305
initial,"처음의, 최초의",306
steadily,착실하게; 꾸준히,307
necessarily,반드시,308
resolve,(문제 등을)해결하다,309
detect,"간파하다, 탐지하다",310
intensify,"강화하다, 증대하다, 강렬하게 만들다.",311
favorably,호의적으로; 순조롭게,312
cover,포함하다; 지불하다; 덮다,313
less,"보다 적은, 덜한",314
majority,"대부분, 대다수",315
adopt,채택하다,316
largely,"주로, 대부분",317
disregard,"소홀히 하다, 무시하다",318
effort,노력,319
incentive,"혜택, 장려금",320
need,"필요, 요구, 욕구, ~할 필요가 있다.",321
mastermind,"(계획 등의)입안자, 지도자",322
stagnant,"침체된, 불경기의, (stagnance침체, 정체, 불황)",323
dramatically,극적으로,324
brisk,"활발한, 호황의",325
unstable,"불안정한, 변하기 쉬운",326
rapidly,"급속히, 빨리",327
soar,"(물가 등이)폭등하다, 높이 치솟다",328
assert,"단언하다, 주장하다 (assertion 단언, 주장)",329
boost,"(경기를)부양시키다, 상승시키다",330
analyst,분석가,331
potential,잠재적인,332
pleased,"만족해하는, 기쁜",333
remain,계속~한 상태이다; 아직 ~해야한다,334
limited,"제한된, 한정된",335
costly,"비용이 많이 드는, 손실이 큰",336
particular,"특정한, 독특한, 세심한 (partocularly 특히)",337
drastic,"과감한, 급격한",338
evenly,"고르게, 균등하게",339
evidence,증거,340
prospect,"전망, 예상 (prospective 장래의, 미래의, 기대되는)",341
lead,"이글다, 지휘하다; (어떤 결과에)이르다",342
fall,"(값, 가치가)하락하다",343
period,"기간, 시기",344
indicator,"지표, 지수",345
industry,산업,346
likely,~할 것 같은,347
boom,"붐, 호황",348
director,"임원, 책임자",349
substitute,"대용품, 대신하다(substitution 대용, 대체)",350
consequence,결과,351
fairly,"상당히, 꽤",352
economical,"경제적인, 절약되는",353
thrive,"번영하다, 성공하다",354
implication,"영향, 밀접한 관계 (implicate 관련시키다, 관련되었음을 나타내다)",355
wane,"감소, 감퇴",356
prosperity,번영 (prosper 번영하다),357
depression,"불황 (depress 하락시키다, 약하게하다)",358
dwindle,"줄어들다, 감소되다",359
impede,"저해하다, 방해하다",360
promising,"유망한, 전망이 좋은",361
adversity,"역경, 불운",362
purchase,"구매하다, 구매",363
installment,할부,364
affordable,"(가격이)알맞은, 감당할 수 있는",365
exactly,정확히,366
auction,경매,367
authentic,"진정한, 진짜의, 진품의",368
charge,"요금,청구,금액;책임,의무
~을 청구하다; (외상으로)달아놓다",369
notice,"통지, 공고",370
experienced,"경험이 있는, 노련한, 능숙한",371
instruction,"설명, 지시 (instruct 가르치다, 지시하다, instructor교사, 강사)",372
expert,"전문가, 전문가의, 전문적인",373
warranty,"(품질 등의)보증, 보증서",374
refund,"환불, 환불금",375
subscriber,"가입자, 구독자",376
delivery,배달,377
price,가격,378
receipt,영수증,379
offer,"제공하다, 제공,오퍼",380
carefully,"주의깊게, 신중히",381
benefit,"혜택, 이익, 혜택을 보다, 이익을 얻다",382
exclusively,"오로지, 독점적으로",383
description,"(제품등의)설명, 해설",384
relatively,상대적으로,385
spare,"아끼다, 할애하다, 예비의, 여분의",386
preparation,"준비, 대비",387
area,"지역, 구역",388
clearance,"정리, 없애기; 허가",389
alter,"(성질, 형상을)고치다, 바꾸다",390
apply,적용하다; 지원하다,391
mutually,"서로, 상호 간에 (mutuality 상호관계, 상호의존)",392
method,"방식, 방법",393
acceptable,"용인되는, 받아들일 수 있는;
훌륭한, 만족스러운",394
desire,"욕구, 갈망, 원하다, 바라다",395
redeemable,"(현금,상품과)교환할 수 있는, 환급할 수 있는( redeem 상환하다)",396
officially,공식적으로,397
consumption,"소비(량), 소모 (consumptive 소모적인)",398
qualify,~의 자격을 얻다,399
fabric,"섬유, 천",400
valid,유효한,401
vendor,"노점상, 가판대; 판매업체",402
research,"연구, 조사",403
devise,"고안하다, 발명하다",404
revolutionary,혁명적인,405
innovative,혁신적인,406
feature,"특징, 특색, 특징으로 삼다, 특별히 포함하다",407
inspiration,영감,408
sufficiently,"충분히(sufficient 충분한, 충분)",409
patent,"특허, 특허권, 특허품",410
envision,"(장래의 일 등을)계획하다, 상상하다",411
extend,"연장하다; (기간을)늘리다;
(감사의 뜻을)말하다, 베풀다",412
following,"~후에, 다음의, 다음에 오는",413
intend,~할 작정이다; 의도하다,414
grant,"(인정하여 정식으로)수여하다, 주다,
(연구비, 장학금등의)보조금",415
allow,"~하게 하다, ~을 허락하다",416
inspect,"~을 검사하다, 조사하다",417
improve,"향상시키다, 개선하다",418
increasingly,"점점, 더욱 더",419
invest,"투자하다, 운용하다",420
various,"여러 가지의, 가지각색의",421
upgrade,"업그레이드, 개량형
업그레이드하다, 개선하다",422
manual,"설명서, 안내서",423
explore,"조사하다, 탐구하다",424
response,"응답, 대답",425
appearance,"외관, 외모",426
successful,"성공적인, 성공한",427
hold,"~을 수용하다, ~을 담다;
(회의 등을)개최하다, 열다",428
advance,"진보, 전진",429
reliable,"믿을 만한, 신뢰할 수 있는",430
quality,"품질, 질",431
domestic,"국내의, 국산의",432
development,"개발, 발전",433
availability,"(입수)가능성, 유효성, 유용성",434
update,"갱신, 개정, 갱신하다,
최신의 것으로 하다",435
accurate,정확한,436
complicate,복잡한(complicatedly복잡하게),437
accomplished,"숙련된, 노련한",438
inquiry,"문의, 질문",439
indication,"징후, 조짐",440
manufacturer,"제조회사, 제조업자",441
compatible,"호환되는, 양립할 수 있는(compatibility 양립성, 호환성)",442
superior,"우수한, 상급의",443
absolute,"완전한, 완전무결한",444
broaden,넓히다,445
corrosion,부식,446
epuipment,"장비, 설비",447
automate,자동화하다,448
specification,"명세서, 설명서, 사양",449
properly,"제대로, 정확하게",450
safety,안전,451
precaution,"예방조치, 예방책",452
operate,"(기계 등이)작동하다, 움직이다",453
processing,"가공, 처리(process 과정, 진행, 처리하다)",454
capacity,"용량, 수용력; 역할",455
assemble,"(부품,기계 등을)조립하다;
(사람을)모으다",456
utilize,"이용하다, 활용하다",457
place,"~을-한 상태에 두다;
(지시,주문,신청등을)하다",458
fill,~을 채우다; (주문대로)이행하다,459
manufacturing,제조(업)의,460
renovate,"(낡은 건물, 가구등을)개조하다,
수리하다, 보수하다",461
decision,"결정, 판단",462
material,"재료, 물질",463
success,"성과, 성공",464
attribute,(원인을)~의 덕분으로 돌리다,465
efficiency,"효율, 능률",466
limit,"한계, 제한",467
tailored,"맞춤의, 주문에 따라 맞춘",468
component,"부품, (구성)요소",469
capable,"~을 할 수 있는, ~할 능력이 있는",470
economize,"절약하다, 아끼다",471
flexible,"융통성 있는; 유연한, 잘 구부러지는",472
comparable,"필적하는, 비교되는",473
produce,생산하다,474
respectively,"각각, 따로(respective 각각의)",475
device,장치,476
trim,"(깍아)다듬다, 없애다; 삭감하다",477
launch,(신제품을)출시하다,478
separately,"개별적으로, 따로따로",479
expiration,"(기간,임기 등의)만료, 만기",480
maneuver,"이동시키다, 움직이다",481
coming,다가오는,482
damaged,"손상된, 손해를 입은",483
prevent,"~을 막다, ~을 예방하다",484
power,"전력, 전기",485
chemical,화학제품,486
complaint,불평,487
deal,처리하다; 거래하다; 분배하다,488
argumentative,"논쟁적인, 논쟁을 좋아하는",489
appropriately,적절하게(appropriate 적합한),490
respond,응답하다,491
infuriate,"화나게하다, 격분시키다",492
curteous,예의바른,493
satisfaction,만족,494
inconvenience,"불편, ~에게 불편을 느끼게 하다",495
complete,"완료하다, 완성하다, 완료된, 완성된",496
specific,"구체적인, 명확한",497
return,"반환하다, 반송하다",498
replace,"~을 교체하다, 대체하다",499
presentation,발표,500
evaluation,평가,501
confident,자신 있는,502
cause,"~을 야기하다, ~의 원인이 되다
원인",503
commentary,"해설, 설명(comment 해설하다,논평, 주석을달다)",504
notification,통지,505
apologize,사과하다,506
interact,"소통하다, 교류하다; 상호작용을 하다",507
certain,"확신하는, 확실한; 특정한",508
commitment,"헌신, 전념",509
applaud,~에게 박수를 보내다; 칭찬하다,510
biography,"약력, 전기",511
critical,비판적인; 중요한; 위기의,512
depend on,"~에 달려 있다, ~에게 의존하다",513
combine,결합시키다,514
priority,"우선권, 우선사항",515
observe,"관찰하다, 주시하다;
(규칙 등을)준수하다, 지키다",516
defective,결함이 있는,517
reflect,"반영하다, 나타내다",518
attitude,"태도, 마음가짐",519
disappoint,실망시키다,520
inquire,"문의하다, 질문하다",521
insert,삽입하다,522
disclose,"공개하다, 드러내다",523
guarantee,"보장하다, 보장",524
politely,"공손하게, 예의바르게",525
seriously,진지하게,526
international,국제적인,527
attraction,관광 명소,528
itinerary,여행 일정,529
exotic,"이국적인, 매혹적인",530
diverse,다양한,531
superb,"최고의, 뛰어난",532
baggage,수화물,533
destination,목적지,534
missing,"분실된, 없어진",535
locate,"(~의 위치를)찾아내다;
~을 위치시키다",536
approximately,대략,537
duty,"관세,세금; 직무,의무",538
process,"과정, 처리하다",539
board,"탑승하다, 이사회",540
comfortable,편안한,541
declare,(세관에서)신고하다,542
specify,"명시하다 (specification 열거, 명시, 명세서)",543
depart,출발하다,544
emergency,"비상시, 비상 사태",545
passenger,승객,546
outgoing,"(장소를)출발하는, 떠나는;
(지위를)떠나는",547
tighly,"단단히, 꽉",548
tour,"(공장,시설 등의)견학, 짧은 여행",549
carrier,"항공사, 수송기, 수송 회사",550
customarily,"관례상, 습관적으로",551
confuse,"혼란시키다 (refuse 거절하다, 거부하다)",552
arrive,도착하다,553
brochure,"(홍보용)소책자, 브로셔",554
involve,"수반하다, 포함하다; 참여시키다",555
ship,"(배나 다른 운송 수단으로)운송하다, 수송하다, 선박, 배",556
suitcase,여행가방,557
unavailable,"이용할 수 없는, 구할 수 없는",558
fill out/in,"(서류에)기입하다, 적어 넣다",559
customs,세관,560
away,떨어져서,561
dramatic,"멋진, 극적인; 급격한",562
hospitality,"환대, 친절",563
indulge,"빠지다, 탐닉하다",564
proximity,"가까움, 근접함",565
seating,(집합적)좌석 설비; 좌석 배열,566
unlimited,무제한의,567
proposal,"제안, 계획",568
alliance,"동맹, 제휴",569
stipulation,계약 조건,570
term,"조건; 임기, 기한",571
compromise,"타협, 화해",572
negotiation,"협상, 교섭",573
agreement,"계약, 협정; 합의",574
deadlock,교착 상태,575
review,"검토하다, 재조사하다",576
contract,"계약(서),계약하다, 수축하다",577
signature,서명,578
originally,"원래, 처음에는",579
direction,"방향, 지시, 감독",580
initially,"처음에, 초기에",581
expire,(계약등이)만료되다,582
collaborate,"협력하다, 공동으로 일하다",583
dedicate,"전념하다, 헌신하다, 바치다(indicate 나타내다)",584
revised,"수정된, 변경된",585
imperative,"반드시 해야 하는, 필수적인",586
cooperatively,"협력하여, 협조적으로",587
commission,"수수료, 커미션; 위원회
(일 등을)의뢰하다, 주문하다",588
omit,"빠뜨리다, 생략하다",589
conflict,"대립, 충돌, 갈등",590
renew,(계약 등을)갱신하다,591
proficient,"능숙한, 능한",592
confidentiality,"기밀, 비밀",593
dispute,"분쟁, 논쟁",594
objection,"반대, 이익",595
define,"규정하다, 정의하다",596
impression,인상,597
security,"보안, 안전, 보호",598
option,선택권,599
proceed,"(일을)진행하다, 진척되다",600
modify,"수정하다, 일부 변경하다",601
narrow,(범위 등을)좁히다,602
bid,입찰,603
settle,"해결하다, 처리하다",604
terminate,"끝내다, 종결시키다",605
challenging,"도전적인, 힘든",606
foundation,"토대, 기초",607
completely,"전적으로, 완전히",608
refuse,거절하다,609
temporarily,"일시적으로
(temporary 일시적인, 잠정적인, 임시고용인)",610
dealer,"판매업자, 상인",611
bulk,대량의,612
inventory,"재고품, 재고목록",613
short,부족한,614
cost,비용,615
selection,"선택된 것, 정선품",616
commercial,"상업의, 상업적인, 광고",617
order,"주문하다, 주문, 주문품",618
provide,"공급하다, 제공하다",619
contact,"~와 연락하다,
(상업적 목적으로)교섭하고 있는 사람",620
invoice,송장,621
move,"옮기다, 움직이다, 조치, 수단;
이동, 이사",622
supply,"공급하다, 공급; (-s)비품, 소모품",623
discount,할인,624
distribute,"배포하다, 배급하다",625
acquisition,인수; 구입한 것,626
assure,"~에게 보장하다, ~을 안심시키다, 장담하다",627
subject,"~의 영향을 받기 쉬운;
(동의 등을)조건으로 하는,
~에게(~을) 받게 하다",628
seek,"구하다, 찾다",629
satisfactory,만족스러운,630
confirmation,"확인, 확증",631
unable,~할 수 없는,632
payment,"지불(금액),납입(금액)",633
measure,"대책, 조치, 수단
측정하다",634
bargain,"특가품, 흥정",635
stock,재고; 주식,636
affordability,감당할 수 있는 비용,637
clientele,"(집합적)고객들,
(변호사,건축가 등의)모든 의뢰인",638
acclaim,"호평, 찬사",639
represent,~을 대표하다,640
rating,"등급, 평가",641
encompass,"포함하다, 둘러싸다",642
finalize,"마무리 짓다, 완결하다",643
market,시장,644
retail,소매,645
commodity,"상품, 산물",646
quote,"견적(액), 견적을 내다",647
consignment,위탁 판매(consign위탁하다),648
fragile,깨지기 쉬운,649
perishable,부패하기 쉬운,650
deliver,배달하다; (연설을)하다,651
ensure,"확실하게 하다, 보장하다",652
courier,"급송 택배, 운반인",653
carton,(큰)판지상자,654
address,"주소,
(어려운 문제 등을)처리하다,다루다",655
shipment,"선적, (화물의)발송;
수송품, 적하물",656
particularly,특히,657
adequately,적절히,658
article,"물품, 물건; 기사, 논설",659
efficient,"(기계, 방법 등이)효과적인,능률적인",660
agency,"대행 회사, 대리점",661
enclose,"~을 동봉하다; ~을 둘러싸다, 애워싸다",662
careful,"조심스러운, 주의 깊은",663
pick up,"~을 찾다; (사람,물건 등을) 도중에 태우다",664
carry,"지니다; (물건을)팔다, 가게에 놓다",665
attach,"붙이다, 접착하다, 첨부하다",666
formerly,이전에,667
package,"소포, 꾸러미",668
react,"반응하다, 대응하다",669
content,내용물,670
convenience,"편의, 편리",671
acknowledge,"인정하다; (편지 등의)수령을 알리다, 감사하다",672
caution,"주의, 조심",673
correspondence,"편지, 통신문",674
separate,분리하다; 분류하다,675
remarkable,"현저한, 두드러진(markedly 현저하게 눈에 띄게)",676
handle,"취급하다, 다루다",677
warehouse,"창고, 저장소",678
impose,(세금 등을)부과하다,679
storage,"보관소, 저장소",680
detach,"분리하다, 떼다, (attach 붙이다)",681
envelope,봉투,682
exclusion,"제외, 배제",683
recipient,수신자,684
affix,(우표 등을)붙이다,685
incorrect,부정확한,686
oblige,"어쩔 수 없이 ~하게 하다,
~에게 강요하다",687
step,"단계; 조치, 수단",688
check in,"체크인하다, 숙박 수속을 하다",689
compensate,"보상하다
(compensation 보상)",690
complimentary,"무료의, 우대의",691
chef,주방장,692
container,"용기, 그릇",693
elegant,"우아한, 고상한",694
flavor,"맛, 풍미",695
accommodate,"(건물 등이)~을 수용하다, 숙박시키다;(충분한 공간을) 제공하다
(조건, 요구 등을)만족시키다",696
available,"(사물이)이용 가능한;
(사람이) 시간이 있는",697
reception,"환영회; (호텔, 회사, 병원 등의)접수처",698
in advance,"미리, 사전에",699
refreshments,"다과, 가벼운 음식물",700
make,"~을 하다, ~을 만들다",701
cater,(연회 등의)음식물을 공급하다,702
reservation,"예약, 지정; 보호구역",703
beverage,음료,704
confirm,확인하다,705
cancel,취소하다,706
rate,요금,707
conviniently,편리하게,708
decorate,장식하다,709
information,"정보, 자료",710
retain,"유지하다, 보유하다",711
atmosphere,"분위기, 환경",712
cuisine,(독특한)요리,713
sequence,"순서, 차례",714
extensive,"광범위한, 넓은",715
prior,"전의, 먼저의",716
book,예약하다,717
amenity,편의 시설,718
belongings,"소지품, 소유물",719
entirely,완전히,720
ease,"완화시키다, 쉬움, 용이함",721
ingredient,"재료, 성분",722
sip,"음미하며 마시다, 홀짝거리다",723
stir,"휘젓다, 뒤섞다",724
choice,"선택물, 선택 사항, 선택",725
complication,복잡한 문제,726
freshness,신선함,727
occupancy,(호텔등의)이용률,728
decline,"감소, 하락,(초대,신청을)거절하다",729
markedly,"현저하게, 눈에 띄게",730
increase,"인상, 증가, 증가하다",731
revenue,수입,732
projection,예상(치),733
substantial,상당한,734
anticipate,"예상하다, 기대하다
(anticipation 예상)",735
significantly,"상당히, 두드러지게",736
estimate,"추정하다, 추산하다, 추정(치), 추산",737
shift,"옮기다, 이동하다, 변화, 교대근무",738
fee,"요금, 수수료",739
production,"생산량, 생산",740
sale,"(-s)매출액, 매상고; (할인)판매",741
impressive,"굉장한, 인상적인",742
representative,"직원, 외판원; 대표자",743
recent,최근의,744
exceed,"~을 초과하다
(exceedingly 대단히, 몹시)
(exceedably 넘을 수 있는)",745
improvement,향상,746
employer,고용주,747
regular,정기적인; 단골의,748
summarize,요약하다,749
typically,"보통, 일반적으로",750
whole,"전체의, 온전한",751
growth,"성장, 발전",752
figure,"총액, 합계 수",753
steady,꾸준한; 안정된,754
frequent,"빈번한, 잦은",755
achieve,"달성하다, 성취하다",756
assumption,"추정, 산정, 가정",757
share,"공유하다, 함께쓰다;
(생각, 경험, 감정을 남과)함께 나누다
몫, 지분",758
incur,"(손실을)입다, (빚을)지다",759
slightly,약간,760
profit,"수익, 이익",761
reliant,"의존하는, 의지하는
(reliantly 의지하여)",762
illustrate,"분명히 보여주다, 설명하다
(illustrate 설명,해설,삽화)",763
inaccurate,부정확한,764
percentage,"비율, 백분율",765
reduce,"줄이다, 감소시키다",766
tend,"~하는 경향이 있다, ~하기 쉽다",767
audit,"회계 감사, 심사",768
accounting,회계,769
budget,예산,770
financial,"재정의, 금전상의",771
curtail,"~을 줄이다, 삭감하다
(curtailment 단축)",772
deficit,"적자, 부족액",773
recently,최근에,774
substantially,"크게, 상당히
(substantial 상당한, 재력이 있는)",775
committee,위원회,776
frequently,"자주, 흔히",777
capability,"능력, 역량",778
proceeds,수익금,779
reimburse,"변제하다, 상환하다",780
considerably,"상당히, 많이",781
adequate,"충분한, 적절한
(adequately 적절히, 충분히)",782
total,"총계의, 전부의",783
allocate,"할당하다, 배분하다
(allocation 할당)",784
inspector,"조사관, 감독관
(inspect 검사하다)",785
preferred,"선호되는, 우선의",786
quarter,사분기; 4분의1,787
interrupt,"중단시키다, 방해하다
(interruption 방해, 중지, 중단)",788
browse,"흝어보다, 둘러보다",789
prompt,"즉각적인; 신속한, 촉발하다, 유도하다 (promptly 신속히)",790
deduct,"공제하다, 빼다
(deduction 공제)",791
measurement,"측정, 측량; 치수",792
shorten,"단축하다, 짧게하다",793
amend,"수정하다
(amendable 개정할 수 있는)",794
calculate,"계산하다, 산출하다",795
exempt,"면제된, ~이 없는
(exemption 면제)",796
deficient,"부족한, 불충분한",797
compare,비교하다,798
fortunate,운 좋은,799
expenditure,"지출, 비용",800
accurately,정확하게,801
worth,"~의 가치가 있는, (얼마)어치, 가치",802
excess,"초과, 초과량",803
fiscal,"회계의, 재정상의",804
incidental,부수적인,805
inflation,"물가상승, 인플레이션, 통화팽창",806
liable,책임져야 할; ~하기 쉬운,807
spend,"~을 쓰다, 소비하다",808
turnover,"총 매상고, 거래액; 이직률",809
announce,발표하다,810
interested,관련 있는; 관심이 있는,811
active,"적극적인, 활발한",812
accept,"수락하다, 승낙하다",813
foresee,"예견하다, 예감하다",814
expansion,"확장, 팽창",815
relocate,(공장 등을)이전하다,816
competitor,"경쟁업체, 경쟁자",817
asset,자산,818
contribute,"기여하다, 공헌하다",819
dedicated,"(목표 등에)전념하는, 헌신적인",820
misplace,"잃어버리다, 위치를 잘못 잡다",821
considerable,(정도나 양이)상당한,822
last,지속되다,823
emerge,"부상하다, 나타나다
(merge 합병하다)",824
grow,"성장하다, 성장시키다, 증가시키다",825
select,"선발하다, 선택하다",826
merge,"합병하다, 병합하다",827
imply,"암시하다, 넌지시 나타내다, 의미하다",828
vital,필수적인,829
persist,"(집요하게)계속하다, 계속되다, 지속되다
(continue 계속되다, 계속하다)",830
independent,"독립적인, 독자적인",831
force,세력,832
establish,설립하다,833
initiate,"(사업 등을) 착수하다, 시작하다
(commence 시작하다)",834
enhance,"(질 등을) 향상시키다, 높이다, 강화하다
(strengthen 강화하다)
(reinforce 보강하다, 강화하다)",835
renowned,"저명한, 유명한, 명성이 있는",836
informed,"정보에 근거한
(inform 알리다, 통지하다)",837
minutes,회의록,838
waive,"(규칙 등을)적용하지 않다,
(권리,청구등을)포기하다
(abandon 버리다, 단념하다, 그만두다)",839
reach,"(치수,양 등이)~에 달하다;
~에 도착하다",840
authority,권한; 당국,841
acquire,"매입하다, 취득하다
(inquire 묻다)
(inquiry 조사, 문의)",842
surpass,"~을 능가하다, 넘어서다",843
run,"~을 운영하다, 경영하다",844
improbable,"사실이라고 생각할 수 없는,
일어날 것 같지 않은
(probable 있음직한, 일어날것같은)",845
edge,"우위, 유리함; 가장자리, 끝",846
simultaneously,"동시에
(coincidentally 우연히 일치하게 동시발생적으로)",847
reveal,"밝히다, 누설하다",848
productivity,생산성,849
uncertain,"확신이 없는, 불확실한",850
premier,"으뜸의, 첫째의",851
agenda,"의제, 의사일정",852
convene,"(회원 등이)모이다, (회의가)개최되다
(convener 의장,소집자)",853
refute,"부인하다, 반박하다
(refutation 반박, 반론)",854
coordination,조정,855
unanimous,"만장일치의, 동의하는
(unanimously  만장일치로)",856
convince,"납득시키다, 확신시키다",857
consensus,"여론, 일치된 의견",858
defer,"연기하다, 미루다
(differ 다르다)",859
usually,"보통, 일반적으로",860
reschedule,일정을 바꾸다,861
meeting,회의,862
determine,"알아내다; 결정하다, 확정하다",863
report,"보고하다; 출두하다,
(직장,회의 등에 도착을)알리다,
보고서; 보도, 기록",864
comment,"논평하다, 언급하다",865
phase,단계,866
approve,"승인하다, 찬성하다",867
enclosed,동봉된,868
easy,"쉬운, 용이한",869
record,"기록; 경력, 이력, 기록하다",870
suggestion,제안,871
attention,"주의, 경청",872
object,반대하다,873
coincidentally,"우연히, 일치하게, 동시 발생적으로
(coincident 일치하는)",874
crowded,"붐비는, 복잡한",875
undergo,"겪다, 거치다, 경험하다",876
outcome,결과 (=consequence),877
narrowly,"주의 깊게, 좁게; 가까스로, 간신히, 겨우",878
differ,"의견을 달리하다, 다르다",879
discuss,"논의하다, 토론하다",880
give,"(연설, 수업 등을)하다",881
brief,"~에게 간단히 설명하다, 브리핑하다",882
distract,"(주의를)산만하게 하다, 빗기게 하다(distraction 주의산만, 방심)",883
emphasis,"강조, 중점",884
press,"언론(계),보도기관, 누르다",885
organize,"준비하다, 조직하다, 정리하다",886
mention,언급하다,887
persuasive,설득력 있는,888
understanding,이해심 있는,889
adjourn,(회의 등을)휴회하다,890
constructive,건설적인,891
preside,"(회의의)사회를 보다, ~의 의장을 맡아보다",892
irrelevant,"관계가 없는, 무관한
(relevant 관계가 있는)",893
constraint,제한(=restriction),894
host,(대회 등을)주최하다,895
annual,매년의,896
purpose,"목적, 의도",897
enroll,등록하다,898
lecture,"강의, 강연",899
participant,참가자,900
attend,"참석하다, 출석하다",901
encourage,"장려하다, 복돋아주다",902
leave,"휴가, 떠나다, 남기다",903
recommendation,"추천사항, 추천",904
conference,"회의, 회담",905
schedule,~을 예정하다,906
include,포함하다,907
result,"결과,(~의 결과로)되다",908
register,등록하다,909
require,요구하다,910
grateful,"고마워하는, 감사하는",911
overtime,"초과근무, 야근",912
responsibility,"부담, 책임, 의무",913
assent,"찬성하다, 승인, 동의
(approval 승인)
(approve 찬성하다)
(prove 증명하다)",914
regard,"~을 -으로 간주하다, 여기다,
관심,배려",915
tentative,"임시적인, 잠정적인",916
welcome,"반가운, 기꺼이 받아들여지는",917
function,"행사, 연회",918
commence,시작되다,919
objective,"목표, 목적",920
excited,"신이 난, 들뜬",921
reimbursement,"상환, 변제, 배상",922
treatment,"대우, 처우",923
honor,"존경, 명예",924
emphasize,강조하다,925
entry,"(경기 등의)참가자, 출품물",926
bonus,"상여금, 보너스",927
salary,급여,928
earn,"(금전 등을)벌다; (평판을)받다, 얻다",929
arise,"(문제 등이)발생하다, 일어나다 = occur",930
labor,노동,931
union,노동조합,932
existing,"기존의, 현행의",933
exploit,"착취하다, 부당하게 이용하다
(exploitation 개발,개척,약탈,착취)",934
appoint,"임명하다, 지명하다",935
appraisal,평가,936
promote,승진시키다; 촉진하다,937
skilled,"숙련된, 노련한",938
radically,"완전히, 철저히, 근본적으로
(radical 근본적인, 과격한)",939
exceptional,"뛰어난, 예외적인
(exception 예외, 이의, 반대)",940
appreciation,감사,941
evaluate,평가하다,942
suggest,"제안하다, 추천하다",943
preference,선호,944
management,"경영진, 경영",945
predict,예측하다,946
transfer,보내다; 전근시키다,947
award,"상
(reward 보상하다, 포상,보상)",948
mandatory,의무적인,949
competent,"유능한, 능숙한
(competence 능력)",950
performance,"실적,성과; 공연,연주, 연기",951
reward,"~에 보답하다, 보상하다, 포상,보상
(award 상)",952
search,"찾기, 수색, 조사",953
inexperienced,"경험없는, 미숙한",954
early,"시간상 이른, 조기의",955
designate,"지명하다, 지정하다",956
executive,"경영의,관리의",957
dedication,헌신,958
unanimously,"만장일치로
(unanimous 만장일치의)
(anonymously 익명으로, 특색없이)",959
progress,"진행, 진척, 진전, 진보하다, 발전하다",960
congratulate,축하하다,961
dismiss,"해임하다, 해고하다",962
independence,독립성,963
participation,"참여, 참가, 가입",964
praise,칭찬,965
accomplishment,"성과,업적",966
deliberation,"토의, 심의, 숙고
(deliberate 고의의, 숙고하다)",967
leadership,"리더십, 지도력",968
retire,"퇴직하다, 은퇴하다",969
nomination,"임명, 지명",970
reorganize,"재편성하다, 재조직하다
(recognize 인식하다)
(organize 조직하다)",971
serve,"근무하다, 일하다",972
encouragement,격려,973
resignation,"사임, 사직, 사직서",974
strictly,엄격히,975
congestion,"(교통의)체증, 혼잡
(congest 혼잡하게 하다)",976
alleviate,완화하다,977
divert,"우회시키다, 다른 곳으로 돌리다",978
detour,우회,979
fuel,연료,980
malfunction,"오작동, 기능불량",981
permit,"허락하다, 허가증",982
transportation,"교통(수단), 운송 수단",983
opportunity,기회,984
clearly,명확히,985
ongoing,계속 진행 중인,986
detailed,상세한,987
alternative,"대안, 대체, 다른, 대신의",988
obtain,"획득하다, 얻다",989
designated,지정된,990
intersection,"교차로, 교차지점",991
equip,"갖추다, 설비하다",992
commute,통근하다,993
downtown,"시내에서, 도심지로",994
automotive,자동차의,995
closure,폐쇄,996
vehicle,"차량, 운송 수단",997
platform,승강장,998
official,"공무원, 관리, 공식적인",999
transit,"교통, 수송, 통과하다",1000
fare,교통요금,1001
expense,"비용, 지출",1002
trust,"신뢰, 신임, 믿다, 신뢰하다",1003
head,"(~의 방향으로)나아가다, 향하게 하다",1004
drive,"(차 등을)운전하다, 타고가다, 조종하다",1005
fine,벌금,1006
pass,"지나가다, 통과하다",1007
securely,"(매듭 등이)단단하게, 튼튼하게",1008
prominently,"눈에 잘 띄게, 두드러지게
(prominent 눈에 띄는)",1009
reserved,"예약된, 예약한; 지정된",1010
average,"평균치, 평균",1011
collision,충돌,1012
tow,견인하다,1013
reverse,"뒤의, 반대의",1014
obstruct,"(전망 등을)가리다, 차단하다;
(도로 등을)막다
(obstruction 장애물, 방해물)",1015
delinquent,"(세금 등이)연체된, 미불의",1016
overdue,"(지불,반납 등의)기한이 지난, 지불 기한이 넘은",1017
regrettably,유감스럽게도,1018
balance,"잔고, 차감 잔액",1019
deposit,"입금하다, 예금하다",1020
investigation,"조사 (investigate 연구하다, 조사하다)",1021
account,계좌; 설명; 고려,1022
statement,"명세서, 성명서",1023
amount,"액수, 양",1024
withdrawal,(예금의)인출,1025
previously,이전에,1026
due,"만기가 된, 지불 기일이 된;
(금전 등이)~에게 마땅히 지급되어야 할",1027
receive,"받다, 수취하다",1028
expect,"예상하다, 기대하다",1029
certificate,"증명서, 증서",1030
document,"서류, 문서",1031
spending,소비; 지출,1032
successfully,성공적으로,1033
bill,"~에게 청구서를 보내다, 청구서, 계산서",1034
pleasure,"즐거움, 기쁜, 영광",1035
study,연구,1036
summary,"요약, 개요
(emphasize 강조하다)",1037
temporary,임시의,1038
lower,"(양,가격을)줄이다",1039
transaction,"거래, 업무",1040
double,두배로 만들다,1041
identification,"신분증, 신분 증명서",1042
dissatisfaction,"불만, 불평",1043
in common,"공통으로, 공동으로",1044
interest,관심; 권리; 이자,1045
reject,"거절하다, 거부하다",1046
relation,관계,1047
tentatively,"임시로, 시험적으로
(tentative 시험적인, 임시의, 가설)",1048
alternatively,"그렇지 않으면, 그 대신에",1049
attentive,"주의 깊은, 세심한",1050
convert,"전환하다, 변환하다",1051
heavily,"몹시, 심하게",1052
loan,"대출, 대출금",1053
unexpected,예기치 않은,1054
cash,현금으로 바꾸다,1055
mortgage,(담보)대출,1056
payable,지불해야 하는,1057
personal,개인의,1058
investment,"투자, 투자금",1059
incrative,"수익성 있는, 돈벌이가 되는
(profit, earning, gainings 이익)
(income 수입, 소득)",1060
inherently,"본질적으로
(inherent 본래 갖추어져 있는, 고유의)",1061
secure,"확보하다, 얻어 내다;
안전하게 지키다, 고정시키다",1062
foreseeable,"예견할 수 있는
(oversee 감독하다)
(overseas 외국의)",1063
innate,타고난,1064
property,재산,1065
on behalf of,~을 대신해서,1066
lease,임대차(계약),1067
sponsor,"후원하다, 후원자",1068
propose,제안하다,1069
support,"후원, 원조, 지지, 지원하다,
후원하다; 살게하다,
(생명, 기력 등을)유지하다",1070
distributuion,"분배, 배급",1071
consider,고려하다,1072
nearly,"거의, 대략",1073
consent,"동의, 허락, 동의하다
(consentaneous일치하는)",1074
gratitude,"고마움, 감사",1075
consult,"상의하다, 상담하다",1076
advice,"조언, 충고",1077
partially,"부분적으로, 일부분은",1078
evident,"분명한, 명백한,",1079
reliability,"신뢰도, 믿음직함",1080
cautious,"조심하는, 신중한",1081
insight,"식견, 통찰력",1082
portfolio,"포트폴리오, 투자 자산 구성",1083
possible,"가능한, 있음직한",1084
speculation,"추측
(speculate, suppose, guess, infer 추측하다)",1085
solely,"오로지, 혼자서, 전적으로",1086
entrepreneur,사업가,1087
eventually,"결국, 마침내",1088
shareholder,주주,1089
outlook,전망,1090
stability,"안정, 안정성",1091
bond,채권,1092
depreciation,"가치 하락, 화폐의 구매력 저하
(depreciate : ~의 가치를 떨어뜨리다, 가치가 떨어지다)",1093
increasing,증가하는,1094
prevalent,"유행하고 있는, 널리 퍼진
(prevalence 보급, 유행)",1095
rapid,"빠른, 신속한",1096
unprecedented,"전례 없는
(precedented 전례가 있는)",1097
yield,"(이윤을) 가져오다, 산출하다",1098
furnished,가구가 비치된,1099
residence,"거주지, 주택",1100
spacious,(공간이)넓은,1101
drape,(방 등을 커튼 등으로)장식하다,1102
unoccupied,"(집 등이)비어 있는, 사람이 살지 않는
(occupy 차지하다, 점유하다)",1103
renovation,"수리, 개조",1104
appropriate,"적당한, 적합한(appropriately 적합하게)",1105
delay,"연기하다, ~을 뒤로 미루다",1106
community,"지역 사회, 공동체",1107
construction,"건설, 건축",1108
repair,수리하다,1109
currently,현재,1110
regularly,정기적으로,1111
arrange,"배열하다, 정돈하다",1112
location,"장소, 위치",1113
restore,"복구하다, 회복시키다
(recovery 회복, recover되찾다, 회복하다)",1114
presently,"현재
(present, current현재의)
(latest, recent, up to date 최근의)",1115
numerous,많은,1116
abandon,"그만두다; 버리다(abondonment 버림, 포기)",1117
contractor,"계약자, 도급업자",1118
develop,개발하다,1119
maintain,"유지하다, 관리하다",1120
densely,"빽빽이, 밀집하여",1121
prepare,"준비하다, 채비를 갖추다",1122
finally,"결국, 마침내",1123
district,"지역, 지구",1124
renewal,재개발,1125
compulsory,의무적인,1126
interfere,"방해하다, 해치다",1127
relocation,"이전, 재배치",1128
totally,"완전히, 전적으로",1129
actually,"실제로, 사실은",1130
architect,건축가,1131
enlarge,"확장하다, 확대하다",1132
install,"설치하다, 장치하다",1133
permanent,영구적인,1134
suppose,"생각하다, 추측하다(guess, infer 추측하다)",1135
adjacent,인접한,1136
consist,"구성되다, 이루어지다",1137
utility,공공시설; 공공요금,1138
conserve,"보전하다, 유지하다",1139
chance,"가능성, 기회",1140
forecast,(날씨의)예보,1141
waste,"쓰레기, 폐기물",1142
dispose,"처분하다, 처리하다",1143
recycling,재활용,1144
clear,"맑게 갠; 명백한, 분명한
또렷하게, 완전히; 떨어져서",1145
damage,"피해, 손해, 손상시키다",1146
significant,"상당한; 중대한, 중요한",1147
solution,해결책,1148
occur,"(일이)발생하다, 생기다(happen, take place)",1149
ideal,이상적인,1150
preserve,"보존하다, 보호하다(=conserve, maintain, retain, keep)",1151
aid,"원조, 돕다",1152
excessive,"지나친, 과도한(excess 초과, 초과량)",1153
intensively,집중적으로( intense 격렬한),1154
vary,"다르다, 다양하다",1155
pleasing,"즐거운, 기분 좋은, 만족스러운",1156
mark,"점수, 평점, 표시, 축하하다",1157
inaccessible,"접근이 불가능한, 이용이 불가능한",1158
disturb,방해하다,1159
pollutant,오염물질,1160
emission,"배기가스, 방출",1161
dense,"빽빽한, 밀집한",1162
environmental,환경적인,1163
consistent,"일치하는, 지속적인, 한결같은",1164
leak,"누출, 누출량",1165
organization,단체,1166
continually,계속해서,1167
contaminate,오염시키다(=pollution),1168
disaster,재난,1169
discharge,방출하다,1170
resource,"자원, 자료",1171
prominent,"유명한, 두드러진",1172
deplete,고갈시키다(depletion 고갈),1173
purify,정화시키다,1174
endangered,멸종 위기에 처한,1175
extinction,멸종,1176
drought,가뭄,1177
inflict,"(고통,피해를)입히다, 가하다",1178
migration,"이동, 이주",1179
ecology,"생태, 자연환경",1180
habitat,"(동, 식물의)서식지",1181
fatigue,피로,1182
checkup,건강 진단,1183
symtom,증상,1184
physician,내과의사,1185
diagnosis,진단,1186
prescribe,"(약을)처방하다, 규정하다",1187
recovery,"회복, 쾌유",1188
recognize,"인정하다, 알아보다
(organize 조직하다)",1189
join,~에 가입하다,1190
comprehensive,"종합적인, 포괄적인",1191
participate,"참여하다, 참가하다",1192
recommend,"권고하다, 추천하다",1193
necessary,필요한,1194
ability,능력,1195
operation,수술,1196
cleanliness,청결,1197
duration,"지속 기간, 지속",1198
examination,"진찰, 검사",1199
eliminate,제거하다(elimination 제거),1200
easily,쉽게,1201
dental,치과의,1202
dietary,"식이 요법의, 규정식의",1203
related,관련된,1204
transmit,"전염시키다(transmittable 전염가능한, 유전가능한)",1205
periodically,주기적으로,1206
reaction,반응,1207
simple,단순한,1208
coverage,"(보험의)보상 범위; (신문 등의)보도, 취재범위",1209
exposure,노출,1210
pharmaceutical,"제약의, 약학의",1211
premium,보험료,1212
relieve,완화시키다,1213
combination,"결합, 연합",1214
conscious,"알고 있는, 자각하고 있는
(consciousness : 의식)",1215
deprivation,"박탈, 상실(deprivative 박탈하는, 빼앗는)",1216
health,"건강; (사회,기관의,)번영,안녕",1217
induce,"유발하다 (reduce줄이다, 낮추다)",1218
insurance,보험,1219
nutrition,영양,1220
prevention,"예방(prevent 예방하다, 방해하다)",1221
susceptible,"~에 감염되기 쉬운, 영향 받기 쉬운",1222
